{"cameraMode":{"drawMode":0,"name":"Shaded","section":"Shading Mode"},"sceneLighting":true,"audioPlay":false,"sceneViewState":{"showFog":true,"showMaterialUpdate":true,"showSkybox":true,"showFlares":true,"showImageEffects":true,"showParticleSystems":true},"in2DMode":false,"pivot":{"x":0.30530136823654177,"y":2.013150215148926,"z":-5.098376750946045},"rotation":{"x":-0.21608154475688935,"y":-0.014059597626328469,"z":0.003131921635940671,"w":-0.9763266444206238},"size":2.1434128284454347,"orthographic":false}