{"cameraMode":{"drawMode":0,"name":"Shaded","section":"Shading Mode"},"sceneLighting":true,"audioPlay":false,"sceneViewState":{"showFog":true,"showMaterialUpdate":true,"showSkybox":true,"showFlares":true,"showImageEffects":true,"showParticleSystems":true},"in2DMode":false,"pivot":{"x":3.579878568649292,"y":4.085077285766602,"z":5.48600959777832},"rotation":{"x":0.22249935567378999,"y":0.17152190208435059,"z":-0.03979852795600891,"w":0.9589064717292786},"size":18.521203994750978,"orthographic":false}