{"cameraMode":{"drawMode":0,"name":"Shaded","section":"Shading Mode"},"sceneLighting":true,"audioPlay":false,"sceneViewState":{"showFog":true,"showMaterialUpdate":true,"showSkybox":true,"showFlares":true,"showImageEffects":true,"showParticleSystems":true},"in2DMode":false,"pivot":{"x":2.22705078125,"y":-1.462174415588379,"z":-8.223417282104493},"rotation":{"x":-0.09015321731567383,"y":-0.030783312395215036,"z":0.002761392155662179,"w":-0.9955316781997681},"size":2.1434128284454347,"orthographic":false}