{"cameraMode":{"drawMode":0,"name":"Shaded","section":"Shading Mode"},"sceneLighting":true,"audioPlay":false,"sceneViewState":{"showFog":true,"showMaterialUpdate":true,"showSkybox":true,"showFlares":true,"showImageEffects":true,"showParticleSystems":true},"in2DMode":false,"pivot":{"x":6.88817834854126,"y":-1.3915302753448487,"z":-6.1899213790893559},"rotation":{"x":-0.1095966175198555,"y":-0.00986138079315424,"z":0.001035981927998364,"w":-0.9940266609191895},"size":3.157883644104004,"orthographic":false}