{"cameraMode":{"drawMode":0,"name":"Shaded","section":"Shading Mode"},"sceneLighting":false,"audioPlay":false,"sceneViewState":{"showFog":true,"showMaterialUpdate":true,"showSkybox":false,"showFlares":true,"showImageEffects":true,"showParticleSystems":true},"in2DMode":false,"pivot":{"x":2.3570973873138429,"y":0.3597014844417572,"z":2.620569944381714},"rotation":{"x":-0.128411665558815,"y":-0.30364760756492617,"z":0.04140135273337364,"w":-0.9433501362800598},"size":7.000357151031494,"orthographic":false}