{"cameraMode":{"drawMode":0,"name":"Shaded","section":"Shading Mode"},"sceneLighting":true,"audioPlay":false,"sceneViewState":{"showFog":true,"showMaterialUpdate":true,"showSkybox":true,"showFlares":true,"showImageEffects":true,"showParticleSystems":true},"in2DMode":false,"pivot":{"x":-0.13623476028442384,"y":4.60966682434082,"z":-4.077543258666992},"rotation":{"x":0.16664640605449677,"y":0.08124907314777374,"z":-0.01377592608332634,"w":0.9825920462608337},"size":28.649723052978517,"orthographic":false}