{"cameraMode":{"drawMode":0,"name":"Shaded","section":"Shading Mode"},"sceneLighting":true,"audioPlay":false,"sceneViewState":{"showFog":true,"showMaterialUpdate":true,"showSkybox":true,"showFlares":true,"showImageEffects":true,"showParticleSystems":true},"in2DMode":false,"pivot":{"x":-7.15512752532959,"y":6.016097068786621,"z":-11.399091720581055},"rotation":{"x":0.023997804149985315,"y":4.597058567146206e-10,"z":2.788982378376659e-10,"w":0.9997127652168274},"size":7.000359535217285,"orthographic":false}