{"cameraMode":{"drawMode":0,"name":"Shaded","section":"Shading Mode"},"sceneLighting":true,"audioPlay":false,"sceneViewState":{"showFog":true,"showMaterialUpdate":true,"showSkybox":true,"showFlares":true,"showImageEffects":true,"showParticleSystems":true},"in2DMode":false,"pivot":{"x":-0.2660464942455292,"y":-2.504735231399536,"z":-5.406581878662109},"rotation":{"x":-0.16481249034404756,"y":-0.12042323499917984,"z":0.02024931274354458,"w":-0.9788201451301575},"size":2.1434128284454347,"orthographic":false}