{"cameraMode":{"drawMode":0,"name":"Shaded","section":"Shading Mode"},"sceneLighting":true,"audioPlay":false,"sceneViewState":{"showFog":true,"showMaterialUpdate":true,"showSkybox":true,"showFlares":true,"showImageEffects":true,"showParticleSystems":true},"in2DMode":false,"pivot":{"x":0.2598459720611572,"y":2.697042226791382,"z":-9.983925819396973},"rotation":{"x":-0.11384318768978119,"y":-0.06346220523118973,"z":0.007292851340025663,"w":-0.9915598034858704},"size":1.3578839302062989,"orthographic":false}