{"cameraMode":{"drawMode":0,"name":"Shaded","section":"Shading Mode"},"sceneLighting":false,"audioPlay":false,"sceneViewState":{"showFog":true,"showMaterialUpdate":true,"showSkybox":false,"showFlares":true,"showImageEffects":true,"showParticleSystems":true},"in2DMode":false,"pivot":{"x":3.328279972076416,"y":0.3745858371257782,"z":0.24838832020759583},"rotation":{"x":-0.1967456191778183,"y":-0.0538119375705719,"z":0.010870811529457569,"w":-0.9790769219398499},"size":6.17373514175415,"orthographic":false}