{"cameraMode":{"drawMode":0,"name":"Shaded","section":"Shading Mode"},"sceneLighting":true,"audioPlay":false,"sceneViewState":{"showFog":true,"showMaterialUpdate":true,"showSkybox":true,"showFlares":true,"showImageEffects":true,"showParticleSystems":true},"in2DMode":false,"pivot":{"x":2.09822416305542,"y":1.9063293933868409,"z":-7.214145183563232},"rotation":{"x":-0.2769666910171509,"y":-0.03547205403447151,"z":0.01016893982887268,"w":-0.9602426290512085},"size":2.1434128284454347,"orthographic":false}