{"cameraMode":{"drawMode":0,"name":"Shaded","section":"Shading Mode"},"sceneLighting":true,"audioPlay":false,"sceneViewState":{"showFog":true,"showMaterialUpdate":true,"showSkybox":true,"showFlares":true,"showImageEffects":true,"showParticleSystems":true},"in2DMode":false,"pivot":{"x":0.6051886677742004,"y":3.056886911392212,"z":-9.25393009185791},"rotation":{"x":-0.0973406732082367,"y":-0.08144472539424896,"z":0.007960659451782704,"w":-0.9919856190681458},"size":1.3578839302062989,"orthographic":false}