{"cameraMode":{"drawMode":0,"name":"Shaded","section":"Shading Mode"},"sceneLighting":true,"audioPlay":false,"sceneViewState":{"showFog":true,"showMaterialUpdate":true,"showSkybox":true,"showFlares":true,"showImageEffects":true,"showParticleSystems":true},"in2DMode":false,"pivot":{"x":0.9757663011550903,"y":8.265677452087403,"z":-13.943023681640625},"rotation":{"x":-0.2229611873626709,"y":-0.12770181894302369,"z":0.029446959495544435,"w":-0.9660935997962952},"size":1.3578839302062989,"orthographic":false}