{"cameraMode":{"drawMode":0,"name":"Shaded","section":"Shading Mode"},"sceneLighting":false,"audioPlay":false,"sceneViewState":{"showFog":true,"showMaterialUpdate":true,"showSkybox":false,"showFlares":true,"showImageEffects":true,"showParticleSystems":true},"in2DMode":false,"pivot":{"x":-3.610413074493408,"y":1.0588657855987549,"z":0.2607179284095764},"rotation":{"x":-0.17936336994171143,"y":-0.0009252210729755461,"z":0.00004209059625281952,"w":-0.9839370250701904},"size":6.17373514175415,"orthographic":false}