{"cameraMode":{"drawMode":0,"name":"Shaded","section":"Shading Mode"},"sceneLighting":true,"audioPlay":false,"sceneViewState":{"showFog":true,"showMaterialUpdate":true,"showSkybox":true,"showFlares":true,"showImageEffects":true,"showParticleSystems":true},"in2DMode":false,"pivot":{"x":0.19780951738357545,"y":0.9760223627090454,"z":-5.131336212158203},"rotation":{"x":-0.12598738074302674,"y":-0.003888863604515791,"z":0.0004455671878531575,"w":-0.9921226501464844},"size":2.5578837394714357,"orthographic":false}