{"cameraMode":{"drawMode":0,"name":"Shaded","section":"Shading Mode"},"sceneLighting":true,"audioPlay":false,"sceneViewState":{"showFog":true,"showMaterialUpdate":true,"showSkybox":true,"showFlares":true,"showImageEffects":true,"showParticleSystems":true},"in2DMode":false,"pivot":{"x":351.7662048339844,"y":437.49237060546877,"z":-39.9532470703125},"rotation":{"x":-0.007498902268707752,"y":0.016498778015375139,"z":0.0001237418910022825,"w":0.999835193157196},"size":340.15625,"orthographic":false}