{"cameraMode":{"drawMode":0,"name":"Shaded","section":"Shading Mode"},"sceneLighting":true,"audioPlay":false,"sceneViewState":{"showFog":true,"showMaterialUpdate":true,"showSkybox":true,"showFlares":true,"showImageEffects":true,"showParticleSystems":true},"in2DMode":false,"pivot":{"x":-1.1138651371002198,"y":11.557103157043457,"z":-7.78083610534668},"rotation":{"x":0.10329601913690567,"y":0.019394688308238984,"z":-0.002014236291870475,"w":0.9944635629653931},"size":18.521203994750978,"orthographic":false}