{"cameraMode":{"drawMode":0,"name":"Shaded","section":"Shading Mode"},"sceneLighting":true,"audioPlay":false,"sceneViewState":{"showFog":true,"showMaterialUpdate":true,"showSkybox":true,"showFlares":true,"showImageEffects":true,"showParticleSystems":true},"in2DMode":false,"pivot":{"x":2.2082345485687258,"y":1.9002633094787598,"z":-7.118836402893066},"rotation":{"x":-0.2395583689212799,"y":-0.10407224297523499,"z":0.02578512765467167,"w":-0.9650480151176453},"size":3.157883644104004,"orthographic":false}