{"cameraMode":{"drawMode":0,"name":"Shaded","section":"Shading Mode"},"sceneLighting":false,"audioPlay":false,"sceneViewState":{"showFog":true,"showMaterialUpdate":true,"showSkybox":false,"showFlares":true,"showImageEffects":true,"showParticleSystems":true},"in2DMode":false,"pivot":{"x":1.5773240327835084,"y":-0.0718509778380394,"z":1.0072859525680543},"rotation":{"x":-0.16693586111068726,"y":-0.0836314857006073,"z":0.014146865345537663,"w":-0.9824101328849793},"size":6.17373514175415,"orthographic":false}