{"cameraMode":{"drawMode":0,"name":"Shaded","section":"Shading Mode"},"sceneLighting":true,"audioPlay":false,"sceneViewState":{"showFog":true,"showMaterialUpdate":true,"showSkybox":true,"showFlares":true,"showImageEffects":true,"showParticleSystems":true},"in2DMode":false,"pivot":{"x":-0.02591434121131897,"y":4.068921089172363,"z":-13.066411018371582},"rotation":{"x":-0.09362892061471939,"y":-0.14821039140224458,"z":0.014063866809010506,"w":-0.9845187067985535},"size":1.3578839302062989,"orthographic":false}